{"PROFILES": [{"PROFILE_CODE":"UICGTP_KPI_VQA_PROFILE","PROFILE_DESC":"profile 1","PROFILE_TYPE":"MAIN","PROFILE_CONTENT":"<div class='Profile' style='position: relative;height:100%;width:100%'><div ng-controller ='concg0018c006' class='Profile-container' style='top: 0%; height: 33.3333%; left: 0%; width: 100%;'><dircg0018c006 context-menu='menu'></dircg0018c006></div><div ng-controller ='concg0018c003' class='Profile-container' style='top: 33.3333%; height: 33.3333%; left: 0%; width: 50%;'><dircg0018c003 ></dircg0018c003></div><div ng-controller ='concg0018c002' class='Profile-container' style='top: 33.3333%; height: 33.3333%; left: 50%; width: 50%;'><dircg0018c002 ></dircg0018c002></div><div ng-controller ='concg0018c004' class='Profile-container' style='top: 66.6666%; height: 33.3333%; left: 0%; width: 50%;'><dircg0018c004 ></dircg0018c004></div><div ng-controller ='concg0018c005' class='Profile-container' style='top: 66.6666%; height: 33.3333%; left: 50%; width: 50%;'><dircg0018c005 ></dircg0018c005></div><div ng-controller ='concg0018c001' class='Profile-container' style='display:none;'></div><div ng-controller ='dpsinit' style='display:None'></div><div  ng-controller ='dpsraise' style='display:None'></div><div ng-controller ='dsinfo' style='display:None'></div><div ng-controller ='actions' style='display:None'></div></div>","PROFILE_UICGCS" : ["UICGC_6","UICGC_3","UICGC_2","UICGC_4","UICGC_5"] },{"PROFILE_CODE":"UICGTP_view_doc","PROFILE_DESC":"View Document","PROFILE_TYPE":"MAIN","PROFILE_CONTENT":"<div class='Profile' style='position: relative;height:100%;width:100%'><div ng-controller ='concg0018c001' class='Profile-container' style='top: 0%; height: 100%; left: 0%; width: 100%;'><dircg0018c001 ></dircg0018c001></div><div ng-controller ='concg0018c002' class='Profile-container' style='display:none;'></div><div ng-controller ='concg0018c003' class='Profile-container' style='display:none;'></div><div ng-controller ='concg0018c004' class='Profile-container' style='display:none;'><dircg0018c004 ></dircg0018c004></div><div ng-controller ='concg0018c005' class='Profile-container' style='display:none;'><dircg0018c005 ></dircg0018c005></div><div ng-controller ='concg0018c006' class='Profile-container' style='display:none;'></div><div ng-controller ='dpsinit' style='display:None'></div><div  ng-controller ='dpsraise' style='display:None'></div><div ng-controller ='dsinfo' style='display:None'></div><div ng-controller ='actions' style='display:None'></div></div>","PROFILE_UICGCS" : ["UICGC_1"] }]}