{"PROFILES": [{"PROFILE_CODE":"SOLAR","PROFILE_DESC":"Solar","PROFILE_TYPE":"MAIN","PROFILE_CONTENT":"<div class='Profile' style='position: relative;height:100%;width:100%'><div ng-controller ='concg0122c001' class='Profile-container' style='top: 0%; height: 33.3333%; left: 0%; width: 50%;'><dircg0122c001 ></dircg0122c001></div><div ng-controller ='concg0122c002' class='Profile-container' style='top: 33.3333%; height: 33.3333%; left: 0%; width: 50%;'><dircg0122c002 ></dircg0122c002></div><div ng-controller ='concg0122c003' class='Profile-container' style='top: 66.6666%; height: 33.3333%; left: 0%; width: 50%;'><dircg0122c003 ></dircg0122c003></div><div ng-controller ='concg0122c004' class='Profile-container' style='top: 0%; height: 99.9999%; left: 50%; width: 50%;'><dircg0122c004 ></dircg0122c004></div><div ng-controller ='dpsinit' style='display:None'></div><div  ng-controller ='dpsraise' style='display:None'></div><div ng-controller ='dsinfo' style='display:None'></div><div ng-controller ='actions' style='display:None'></div></div>","PROFILE_UICGCS" : ["UICGC_1","UICGC_2","UICGC_3","UICGC_4"] }]}