{"PROFILES": [{"PROFILE_CODE":"UICGTP_NACH_REPAIR","PROFILE_DESC":"NACH Repair","PROFILE_TYPE":"MAIN","PROFILE_CONTENT":"<div class='Profile' style='position: relative;height:100%;width:100%'><div id='concg0020c010' ng-controller ='concg0020c010' ng-keydown='KEY_DOWN($event)' ng-keyup='KEY_UP($event)' tabindex='0' class='Profile-container' style='top: 0%; height: 33.3333%; left: 0%; width: 25%;'><dircg0020c010 ></dircg0020c010></div><div id='concg0020c001' ng-controller ='concg0020c001' ng-keydown='KEY_DOWN($event)' ng-keyup='KEY_UP($event)' tabindex='0' class='Profile-container' style='top: 0%; height: 66.6666%; left: 25%; width: 75%;'><dircg0020c001 ></dircg0020c001></div><div id='concg0020c006' ng-controller ='concg0020c006' ng-keydown='KEY_DOWN($event)' ng-keyup='KEY_UP($event)' tabindex='0' class='Profile-container' style='top: 66.6666%; height: 33.3333%; left: 0%; width: 25%;'><dircg0020c006 ></dircg0020c006></div><div id='concg0020c008' ng-controller ='concg0020c008' ng-keydown='KEY_DOWN($event)' ng-keyup='KEY_UP($event)' tabindex='0' class='Profile-container' style='top: 66.6666%; height: 33.3333%; left: 25%; width: 50%;'><dircg0020c008 ></dircg0020c008></div><div id='concg0020c002' ng-controller ='concg0020c002' ng-keydown='KEY_DOWN($event)' ng-keyup='KEY_UP($event)' tabindex='0' class='Profile-container' style='top: 33.3333%; height: 33.3333%; left: 0%; width: 25%;'><dircg0020c002 ></dircg0020c002></div><div id='concg0020c003' ng-controller ='concg0020c003' ng-keydown='KEY_DOWN($event)' ng-keyup='KEY_UP($event)' tabindex='0' class='Profile-container' style='display:none;'><dircg0020c003 ></dircg0020c003></div><div id='concg0020c004' ng-controller ='concg0020c004' ng-keydown='KEY_DOWN($event)' ng-keyup='KEY_UP($event)' tabindex='0' class='Profile-container' style='display:none;'><dircg0020c004 ></dircg0020c004></div><div id='concg0020c005' ng-controller ='concg0020c005' ng-keydown='KEY_DOWN($event)' ng-keyup='KEY_UP($event)' tabindex='0' class='Profile-container' style='display:none;'><dircg0020c005 ></dircg0020c005></div><div id='concg0020c007' ng-controller ='concg0020c007' ng-keydown='KEY_DOWN($event)' ng-keyup='KEY_UP($event)' tabindex='0' class='Profile-container' style='display:none;'><dircg0020c007 ></dircg0020c007></div><div id='concg0020c009' ng-controller ='concg0020c009' ng-keydown='KEY_DOWN($event)' ng-keyup='KEY_UP($event)' tabindex='0' class='Profile-container' style='display:none;'><dircg0020c009 ></dircg0020c009></div><div ng-controller ='dpsinit' style='display:None'></div><div  ng-controller ='dpsraise' style='display:None'></div><div ng-controller ='dsinfo' style='display:None'></div><div ng-controller ='actions' style='display:None'></div></div>","PROFILE_UICGCS" : [{ "UICGC_CODE" : "UICGC_10","LEFT" : "0%", "TOP" : "0%", "HEIGHT" : "33.3333%", "WIDTH" : "25%", "CONTROLLER_ID" : "concg0020c010" },{ "UICGC_CODE" : "UICGC_1","LEFT" : "25%", "TOP" : "0%", "HEIGHT" : "66.6666%", "WIDTH" : "75%", "CONTROLLER_ID" : "concg0020c001" },{ "UICGC_CODE" : "UICGC_6","LEFT" : "0%", "TOP" : "66.6666%", "HEIGHT" : "33.3333%", "WIDTH" : "25%", "CONTROLLER_ID" : "concg0020c006" },{ "UICGC_CODE" : "UICGC_8","LEFT" : "25%", "TOP" : "66.6666%", "HEIGHT" : "33.3333%", "WIDTH" : "50%", "CONTROLLER_ID" : "concg0020c008" },{ "UICGC_CODE" : "UICGC_2","LEFT" : "0%", "TOP" : "33.3333%", "HEIGHT" : "33.3333%", "WIDTH" : "25%", "CONTROLLER_ID" : "concg0020c002" }] },{"PROFILE_CODE":"UICGTP_MDT_REPAIR_SRCH","PROFILE_DESC":"Repair Search","PROFILE_TYPE":"CHILD","PROFILE_CONTENT":"<div class='Profile' style='position: relative;height:100%;width:100%'><div id='concg0020c004' ng-controller ='concg0020c004' ng-keydown='KEY_DOWN($event)' ng-keyup='KEY_UP($event)' tabindex='0' class='Profile-container' style='top: 0%; height: 50%; left: 0%; width: 100%;'><dircg0020c004 ></dircg0020c004></div><div id='concg0020c009' ng-controller ='concg0020c009' ng-keydown='KEY_DOWN($event)' ng-keyup='KEY_UP($event)' tabindex='0' class='Profile-container' style='top: 50%; height: 50%; left: 0%; width: 100%;'><dircg0020c009 ></dircg0020c009></div></div>","PROFILE_UICGCS" : [{ "UICGC_CODE" : "UICGC_4","LEFT" : "0%", "TOP" : "0%", "HEIGHT" : "50%", "WIDTH" : "100%", "CONTROLLER_ID" : "concg0020c004" },{ "UICGC_CODE" : "UICGC_9","LEFT" : "0%", "TOP" : "50%", "HEIGHT" : "50%", "WIDTH" : "100%", "CONTROLLER_ID" : "concg0020c009" }] }]}