{"PROFILES": [{"PROFILE_CODE":"PR_RIL_MKR_FOLDER_SRCH","PROFILE_DESC":"Folder Search","PROFILE_TYPE":"MAIN","PROFILE_CONTENT":"<div class='Profile' style='position: relative;height:100%;width:100%'><div ng-controller ='concg0004c002' class='Profile-container' style='top: 0%; height: 20%; left: 0%; width: 50%;'><dircg0004c002 ></dircg0004c002></div><div ng-controller ='concg0004c004' class='Profile-container' style='top: 20%; height: 10%; left: 0%; width: 50%;'><dircg0004c004 ></dircg0004c004></div><div ng-controller ='concg0004c006' class='Profile-container' style='top: 30%; height: 20%; left: 0%; width: 50%;'><dircg0004c006 ></dircg0004c006></div><div ng-controller ='concg0004c005' class='Profile-container' style='top: 50%; height: 30%; left: 0%; width: 50%;'><dircg0004c005 ></dircg0004c005></div><div ng-controller ='concg0004c003' class='Profile-container' style='top: 80%; height: 20%; left: 0%; width: 50%;'><dircg0004c003 ></dircg0004c003></div><div ng-controller ='concg0004c001' class='Profile-container' style='top: 0%; height: 100%; left: 50%; width: 50%;'><dircg0004c001 ></dircg0004c001></div><div ng-controller ='dpsinit' style='display:None'></div><div  ng-controller ='dpsraise' style='display:None'></div><div ng-controller ='dsinfo' style='display:None'></div><div ng-controller ='actions' style='display:None'></div></div>","PROFILE_UICGCS" : ["UICGC_2","UICGC_4","UICGC_6","UICGC_5","UICGC_3","UICGC_1"] }]}