{"PROFILES": [{"PROFILE_CODE":"PR_OP_OUT_PROCESS","PROFILE_DESC":"NACH Mandate OP Verify","PROFILE_TYPE":"MAIN","PROFILE_CONTENT":"<div class='Profile' style='position: relative;height:100%;width:100%'><div id='concg0025c006' ng-controller ='concg0025c006' ng-keydown='KEY_DOWN($event)' ng-keyup='KEY_UP($event)' tabindex='0' class='Profile-container' style='top: 0%; height: 60%; left: 0%; width: 50%;'><dircg0025c006 ></dircg0025c006></div><div id='concg0025c004' ng-controller ='concg0025c004' ng-keydown='KEY_DOWN($event)' ng-keyup='KEY_UP($event)' tabindex='0' class='Profile-container' style='top: 80%; height: 20%; left: 0%; width: 50%;'><dircg0025c004 ></dircg0025c004></div><div id='concg0025c001' ng-controller ='concg0025c001' ng-keydown='KEY_DOWN($event)' ng-keyup='KEY_UP($event)' tabindex='0' class='Profile-container' style='top: 0%; height: 60%; left: 50%; width: 50%;'><dircg0025c001 ></dircg0025c001></div><div id='concg0025c005' ng-controller ='concg0025c005' ng-keydown='KEY_DOWN($event)' ng-keyup='KEY_UP($event)' tabindex='0' class='Profile-container' style='top: 60%; height: 40%; left: 50%; width: 50%;'><dircg0025c005 ></dircg0025c005></div><div id='concg0025c002' ng-controller ='concg0025c002' ng-keydown='KEY_DOWN($event)' ng-keyup='KEY_UP($event)' tabindex='0' class='Profile-container' style='display:none;'><dircg0025c002 ></dircg0025c002></div><div id='concg0025c003' ng-controller ='concg0025c003' ng-keydown='KEY_DOWN($event)' ng-keyup='KEY_UP($event)' tabindex='0' class='Profile-container' style='display:none;'><dircg0025c003 ></dircg0025c003></div><div ng-controller ='dpsinit' style='display:None'></div><div  ng-controller ='dpsraise' style='display:None'></div><div ng-controller ='dsinfo' style='display:None'></div><div ng-controller ='actions' style='display:None'></div></div>","PROFILE_UICGCS" : [{ "UICGC_CODE" : "UICGC_6","LEFT" : "0%", "TOP" : "0%", "HEIGHT" : "60%", "WIDTH" : "50%", "CONTROLLER_ID" : "concg0025c006" },{ "UICGC_CODE" : "UICGC_4","LEFT" : "0%", "TOP" : "80%", "HEIGHT" : "20%", "WIDTH" : "50%", "CONTROLLER_ID" : "concg0025c004" },{ "UICGC_CODE" : "UICGC_1","LEFT" : "50%", "TOP" : "0%", "HEIGHT" : "60%", "WIDTH" : "50%", "CONTROLLER_ID" : "concg0025c001" },{ "UICGC_CODE" : "UICGC_5","LEFT" : "50%", "TOP" : "60%", "HEIGHT" : "40%", "WIDTH" : "50%", "CONTROLLER_ID" : "concg0025c005" }] }]}