{"PROFILES": [{"PROFILE_CODE":"UICGTP_RIL_CKR_TBA","PROFILE_DESC":"To Be Approved","PROFILE_TYPE":"MAIN","PROFILE_CONTENT":"<div class='Profile' style='position: relative;height:100%;width:100%'><div id='concg0017c002' ng-controller ='concg0017c002' ng-keydown='KEY_DOWN($event)' ng-keyup='KEY_UP($event)' tabindex='0' class='Profile-container' style='top: 0%; height: 100%; left: 0%; width: 50%;'><dircg0017c002 context-menu='menu'></dircg0017c002></div><div id='concg0017c006' ng-controller ='concg0017c006' ng-keydown='KEY_DOWN($event)' ng-keyup='KEY_UP($event)' tabindex='0' class='Profile-container' style='top: 0%; height: 50%; left: 50%; width: 50%;'><dircg0017c006 context-menu='menu'></dircg0017c006></div><div id='concg0017c005' ng-controller ='concg0017c005' ng-keydown='KEY_DOWN($event)' ng-keyup='KEY_UP($event)' tabindex='0' class='Profile-container' style='top: 50%; height: 50%; left: 50%; width: 50%;'><dircg0017c005 ></dircg0017c005></div><div id='concg0017c001' ng-controller ='concg0017c001' ng-keydown='KEY_DOWN($event)' ng-keyup='KEY_UP($event)' tabindex='0' class='Profile-container' style='display:none;'><dircg0017c001 ></dircg0017c001></div><div id='concg0017c003' ng-controller ='concg0017c003' ng-keydown='KEY_DOWN($event)' ng-keyup='KEY_UP($event)' tabindex='0' class='Profile-container' style='display:none;'><dircg0017c003 ></dircg0017c003></div><div ng-controller ='dpsinit' style='display:None'></div><div  ng-controller ='dpsraise' style='display:None'></div><div ng-controller ='dsinfo' style='display:None'></div><div ng-controller ='actions' style='display:None'></div></div>","PROFILE_UICGCS" : [{ "UICGC_CODE" : "UICGC_2","LEFT" : "0%", "TOP" : "0%", "HEIGHT" : "100%", "WIDTH" : "50%", "CONTROLLER_ID" : "concg0017c002" },{ "UICGC_CODE" : "UICGC_6","LEFT" : "50%", "TOP" : "0%", "HEIGHT" : "50%", "WIDTH" : "50%", "CONTROLLER_ID" : "concg0017c006" },{ "UICGC_CODE" : "UICGC_5","LEFT" : "50%", "TOP" : "50%", "HEIGHT" : "50%", "WIDTH" : "50%", "CONTROLLER_ID" : "concg0017c005" }] },{"PROFILE_CODE":"UICGTP_RIL_CKR_TBA_SCH","PROFILE_DESC":"Search Profile","PROFILE_TYPE":"CHILD","PROFILE_CONTENT":"<div class='Profile' style='position: relative;height:100%;width:100%'><div id='concg0017c003' ng-controller ='concg0017c003' ng-keydown='KEY_DOWN($event)' ng-keyup='KEY_UP($event)' tabindex='0' class='Profile-container' style='top: 0%; height: 100%; left: 0%; width: 100%;'><dircg0017c003 ></dircg0017c003></div></div>","PROFILE_UICGCS" : [{ "UICGC_CODE" : "UICGC_3","LEFT" : "0%", "TOP" : "0%", "HEIGHT" : "100%", "WIDTH" : "100%", "CONTROLLER_ID" : "concg0017c003" }] }]}