{"PROFILES": [{"PROFILE_CODE":"PR_NACH_MDT_SCAN","PROFILE_DESC":"Scan","PROFILE_TYPE":"MAIN","PROFILE_CONTENT":"<div class='Profile' style='position: relative;height:100%;width:100%'><div id='concg0092c005' ng-controller ='concg0092c005' ng-keydown='KEY_DOWN($event)' ng-keyup='KEY_UP($event)' tabindex='0' class='Profile-container' style='top: 0%; height: 33.3333%; left: 0%; width: 100%;'><dircg0092c005 ></dircg0092c005></div><div id='concg0092c002' ng-controller ='concg0092c002' ng-keydown='KEY_DOWN($event)' ng-keyup='KEY_UP($event)' tabindex='0' class='Profile-container' style='top: 33.3333%; height: 33.3333%; left: 0%; width: 100%;'><dircg0092c002 ></dircg0092c002></div><div id='concg0092c006' ng-controller ='concg0092c006' ng-keydown='KEY_DOWN($event)' ng-keyup='KEY_UP($event)' tabindex='0' class='Profile-container' style='top: 66.6666%; height: 33.3333%; left: 0%; width: 100%;'><dircg0092c006 ></dircg0092c006></div><div id='concg0092c001' ng-controller ='concg0092c001' ng-keydown='KEY_DOWN($event)' ng-keyup='KEY_UP($event)' tabindex='0' class='Profile-container' style='display:none;'><dircg0092c001 ></dircg0092c001></div><div id='concg0092c003' ng-controller ='concg0092c003' ng-keydown='KEY_DOWN($event)' ng-keyup='KEY_UP($event)' tabindex='0' class='Profile-container' style='display:none;'><dircg0092c003 ></dircg0092c003></div><div id='concg0092c004' ng-controller ='concg0092c004' ng-keydown='KEY_DOWN($event)' ng-keyup='KEY_UP($event)' tabindex='0' class='Profile-container' style='display:none;'><dircg0092c004 ></dircg0092c004></div><div ng-controller ='dpsinit' style='display:None'></div><div  ng-controller ='dpsraise' style='display:None'></div><div ng-controller ='dsinfo' style='display:None'></div><div ng-controller ='actions' style='display:None'></div></div>","PROFILE_UICGCS" : [{ "UICGC_CODE" : "UICGC_5","LEFT" : "0%", "TOP" : "0%", "HEIGHT" : "33.3333%", "WIDTH" : "100%", "CONTROLLER_ID" : "concg0092c005" },{ "UICGC_CODE" : "UICGC_2","LEFT" : "0%", "TOP" : "33.3333%", "HEIGHT" : "33.3333%", "WIDTH" : "100%", "CONTROLLER_ID" : "concg0092c002" },{ "UICGC_CODE" : "UICGC_6","LEFT" : "0%", "TOP" : "66.6666%", "HEIGHT" : "33.3333%", "WIDTH" : "100%", "CONTROLLER_ID" : "concg0092c006" }] },{"PROFILE_CODE":"PR_NACH_MDTCAP_MAIN_PF","PROFILE_DESC":"Capture Main Profile","PROFILE_TYPE":"MAIN","PROFILE_CONTENT":"<div class='Profile' style='position: relative;height:100%;width:100%'><div id='concg0092c001' ng-controller ='concg0092c001' ng-keydown='KEY_DOWN($event)' ng-keyup='KEY_UP($event)' tabindex='0' class='Profile-container' style='top: 0%; height: 100%; left: 0%; width: 50%;'><dircg0092c001 ></dircg0092c001></div><div id='concg0092c004' ng-controller ='concg0092c004' ng-keydown='KEY_DOWN($event)' ng-keyup='KEY_UP($event)' tabindex='0' class='Profile-container' style='top: 0%; height: 100%; left: 50%; width: 50%;'><dircg0092c004 ></dircg0092c004></div><div id='concg0092c002' ng-controller ='concg0092c002' ng-keydown='KEY_DOWN($event)' ng-keyup='KEY_UP($event)' tabindex='0' class='Profile-container' style='display:none;'><dircg0092c002 ></dircg0092c002></div><div id='concg0092c003' ng-controller ='concg0092c003' ng-keydown='KEY_DOWN($event)' ng-keyup='KEY_UP($event)' tabindex='0' class='Profile-container' style='display:none;'><dircg0092c003 ></dircg0092c003></div><div id='concg0092c005' ng-controller ='concg0092c005' ng-keydown='KEY_DOWN($event)' ng-keyup='KEY_UP($event)' tabindex='0' class='Profile-container' style='display:none;'><dircg0092c005 ></dircg0092c005></div><div id='concg0092c006' ng-controller ='concg0092c006' ng-keydown='KEY_DOWN($event)' ng-keyup='KEY_UP($event)' tabindex='0' class='Profile-container' style='display:none;'><dircg0092c006 ></dircg0092c006></div><div ng-controller ='dpsinit' style='display:None'></div><div  ng-controller ='dpsraise' style='display:None'></div><div ng-controller ='dsinfo' style='display:None'></div><div ng-controller ='actions' style='display:None'></div></div>","PROFILE_UICGCS" : [{ "UICGC_CODE" : "UICGC_1","LEFT" : "0%", "TOP" : "0%", "HEIGHT" : "100%", "WIDTH" : "50%", "CONTROLLER_ID" : "concg0092c001" },{ "UICGC_CODE" : "UICGC_4","LEFT" : "50%", "TOP" : "0%", "HEIGHT" : "100%", "WIDTH" : "50%", "CONTROLLER_ID" : "concg0092c004" }] },{"PROFILE_CODE":"PR_NACH_MDTCAP_CREATE_BATCH","PROFILE_DESC":"Create Batch","PROFILE_TYPE":"CHILD","PROFILE_CONTENT":"<div class='Profile' style='position: relative;height:100%;width:100%'><div id='concg0092c003' ng-controller ='concg0092c003' ng-keydown='KEY_DOWN($event)' ng-keyup='KEY_UP($event)' tabindex='0' class='Profile-container' style='top: 0%; height: 100%; left: 0%; width: 100%;'><dircg0092c003 ></dircg0092c003></div></div>","PROFILE_UICGCS" : [{ "UICGC_CODE" : "UICGC_3","LEFT" : "0%", "TOP" : "0%", "HEIGHT" : "100%", "WIDTH" : "100%", "CONTROLLER_ID" : "concg0092c003" }] },{"PROFILE_CODE":"PR_NACH_MDTCAP_FOLDER_SCAN","PROFILE_DESC":"Folder Scan","PROFILE_TYPE":"MAIN","PROFILE_CONTENT":"<div class='Profile' style='position: relative;height:100%;width:100%'><div id='concg0092c005' ng-controller ='concg0092c005' ng-keydown='KEY_DOWN($event)' ng-keyup='KEY_UP($event)' tabindex='0' class='Profile-container' style='top: 0%; height: 33.3333%; left: 0%; width: 100%;'><dircg0092c005 ></dircg0092c005></div><div id='concg0092c002' ng-controller ='concg0092c002' ng-keydown='KEY_DOWN($event)' ng-keyup='KEY_UP($event)' tabindex='0' class='Profile-container' style='top: 33.3333%; height: 33.3333%; left: 0%; width: 100%;'><dircg0092c002 ></dircg0092c002></div><div id='concg0092c006' ng-controller ='concg0092c006' ng-keydown='KEY_DOWN($event)' ng-keyup='KEY_UP($event)' tabindex='0' class='Profile-container' style='top: 66.6666%; height: 33.3333%; left: 0%; width: 100%;'><dircg0092c006 ></dircg0092c006></div><div id='concg0092c001' ng-controller ='concg0092c001' ng-keydown='KEY_DOWN($event)' ng-keyup='KEY_UP($event)' tabindex='0' class='Profile-container' style='display:none;'><dircg0092c001 ></dircg0092c001></div><div id='concg0092c003' ng-controller ='concg0092c003' ng-keydown='KEY_DOWN($event)' ng-keyup='KEY_UP($event)' tabindex='0' class='Profile-container' style='display:none;'><dircg0092c003 ></dircg0092c003></div><div id='concg0092c004' ng-controller ='concg0092c004' ng-keydown='KEY_DOWN($event)' ng-keyup='KEY_UP($event)' tabindex='0' class='Profile-container' style='display:none;'><dircg0092c004 ></dircg0092c004></div><div ng-controller ='dpsinit' style='display:None'></div><div  ng-controller ='dpsraise' style='display:None'></div><div ng-controller ='dsinfo' style='display:None'></div><div ng-controller ='actions' style='display:None'></div></div>","PROFILE_UICGCS" : [{ "UICGC_CODE" : "UICGC_5","LEFT" : "0%", "TOP" : "0%", "HEIGHT" : "33.3333%", "WIDTH" : "100%", "CONTROLLER_ID" : "concg0092c005" },{ "UICGC_CODE" : "UICGC_2","LEFT" : "0%", "TOP" : "33.3333%", "HEIGHT" : "33.3333%", "WIDTH" : "100%", "CONTROLLER_ID" : "concg0092c002" },{ "UICGC_CODE" : "UICGC_6","LEFT" : "0%", "TOP" : "66.6666%", "HEIGHT" : "33.3333%", "WIDTH" : "100%", "CONTROLLER_ID" : "concg0092c006" }] }]}