{"PROFILES": [{"PROFILE_CODE":"MANDATE_IP_VERIFY","PROFILE_DESC":"Mandate IP Verify","PROFILE_TYPE":"MAIN","PROFILE_CONTENT":"<div class='Profile' style='position: relative;height:100%;width:100%'><div id='concg0051c004' ng-controller ='concg0051c004' ng-keydown='KEY_DOWN($event)' ng-keyup='KEY_UP($event)' tabindex='0' class='Profile-container' style='top: 0%; height: 66.6666%; left: 0%; width: 50%;'><dircg0051c004 ></dircg0051c004></div><div id='concg0051c005' ng-controller ='concg0051c005' ng-keydown='KEY_DOWN($event)' ng-keyup='KEY_UP($event)' tabindex='0' class='Profile-container' style='top: 66.6666%; height: 33.3333%; left: 0%; width: 50%;'><dircg0051c005 ></dircg0051c005></div><div id='concg0051c002' ng-controller ='concg0051c002' ng-keydown='KEY_DOWN($event)' ng-keyup='KEY_UP($event)' tabindex='0' class='Profile-container' style='top: 66.6666%; height: 33.3333%; left: 50%; width: 50%;'><dircg0051c002 ></dircg0051c002></div><div id='concg0051c001' ng-controller ='concg0051c001' ng-keydown='KEY_DOWN($event)' ng-keyup='KEY_UP($event)' tabindex='0' class='Profile-container' style='top: 33.3333%; height: 33.3333%; left: 50%; width: 50%;'><dircg0051c001 ></dircg0051c001></div><div id='concg0051c003' ng-controller ='concg0051c003' ng-keydown='KEY_DOWN($event)' ng-keyup='KEY_UP($event)' tabindex='0' class='Profile-container' style='top: 0%; height: 33.3333%; left: 50%; width: 50%;'><dircg0051c003 ></dircg0051c003></div><div ng-controller ='dpsinit' style='display:None'></div><div  ng-controller ='dpsraise' style='display:None'></div><div ng-controller ='dsinfo' style='display:None'></div><div ng-controller ='actions' style='display:None'></div></div>","PROFILE_UICGCS" : [{ "UICGC_CODE" : "UICGC_4","LEFT" : "0%", "TOP" : "0%", "HEIGHT" : "66.6666%", "WIDTH" : "50%", "CONTROLLER_ID" : "concg0051c004" },{ "UICGC_CODE" : "UICGC_5","LEFT" : "0%", "TOP" : "66.6666%", "HEIGHT" : "33.3333%", "WIDTH" : "50%", "CONTROLLER_ID" : "concg0051c005" },{ "UICGC_CODE" : "UICGC_2","LEFT" : "50%", "TOP" : "66.6666%", "HEIGHT" : "33.3333%", "WIDTH" : "50%", "CONTROLLER_ID" : "concg0051c002" },{ "UICGC_CODE" : "UICGC_1","LEFT" : "50%", "TOP" : "33.3333%", "HEIGHT" : "33.3333%", "WIDTH" : "50%", "CONTROLLER_ID" : "concg0051c001" },{ "UICGC_CODE" : "UICGC_3","LEFT" : "50%", "TOP" : "0%", "HEIGHT" : "33.3333%", "WIDTH" : "50%", "CONTROLLER_ID" : "concg0051c003" }] }]}