{"PROFILES": [{"PROFILE_CODE":"RIL_MKR_CONTENT_SRCH","PROFILE_DESC":"Content Search","PROFILE_TYPE":"MAIN","PROFILE_CONTENT":"<div class='Profile' style='position: relative;height:100%;width:100%'><div id='concg0005c003' ng-controller ='concg0005c003' ng-keydown='KEY_DOWN($event)' ng-keyup='KEY_UP($event)' tabindex='0' class='Profile-container' style='top: 0%; height: 20%; left: 0%; width: 50%;'><dircg0005c003 ></dircg0005c003></div><div id='concg0005c002' ng-controller ='concg0005c002' ng-keydown='KEY_DOWN($event)' ng-keyup='KEY_UP($event)' tabindex='0' class='Profile-container' style='top: 20%; height: 80%; left: 0%; width: 50%;'><dircg0005c002 ></dircg0005c002></div><div id='concg0005c001' ng-controller ='concg0005c001' ng-keydown='KEY_DOWN($event)' ng-keyup='KEY_UP($event)' tabindex='0' class='Profile-container' style='top: 0%; height: 100%; left: 50%; width: 50%;'><dircg0005c001 ></dircg0005c001></div><div id='concg0005c004' ng-controller ='concg0005c004' ng-keydown='KEY_DOWN($event)' ng-keyup='KEY_UP($event)' tabindex='0' class='Profile-container' style='display:none;'><dircg0005c004 ></dircg0005c004></div><div ng-controller ='dpsinit' style='display:None'></div><div  ng-controller ='dpsraise' style='display:None'></div><div ng-controller ='dsinfo' style='display:None'></div><div ng-controller ='actions' style='display:None'></div></div>","PROFILE_UICGCS" : [{ "UICGC_CODE" : "UICGC_3","LEFT" : "0%", "TOP" : "0%", "HEIGHT" : "20%", "WIDTH" : "50%", "CONTROLLER_ID" : "concg0005c003" },{ "UICGC_CODE" : "UICGC_2","LEFT" : "0%", "TOP" : "20%", "HEIGHT" : "80%", "WIDTH" : "50%", "CONTROLLER_ID" : "concg0005c002" },{ "UICGC_CODE" : "UICGC_1","LEFT" : "50%", "TOP" : "0%", "HEIGHT" : "100%", "WIDTH" : "50%", "CONTROLLER_ID" : "concg0005c001" }] }]}