{"PROFILES": [{"PROFILE_CODE":"UICGTP_KPI_VQA_PROFILE","PROFILE_DESC":"profile 1","PROFILE_TYPE":"MAIN","PROFILE_CONTENT":"<div class='Profile' style='position: relative;height:100%;width:100%'><div id='concg0018c006' ng-controller ='concg0018c006' ng-keydown='KEY_DOWN($event)' ng-keyup='KEY_UP($event)' tabindex='0' class='Profile-container' style='top: 0%; height: 33.3333%; left: 0%; width: 100%;'><dircg0018c006 context-menu='menu'></dircg0018c006></div><div id='concg0018c003' ng-controller ='concg0018c003' ng-keydown='KEY_DOWN($event)' ng-keyup='KEY_UP($event)' tabindex='0' class='Profile-container' style='top: 33.3333%; height: 33.3333%; left: 0%; width: 50%;'><dircg0018c003 ></dircg0018c003></div><div id='concg0018c002' ng-controller ='concg0018c002' ng-keydown='KEY_DOWN($event)' ng-keyup='KEY_UP($event)' tabindex='0' class='Profile-container' style='top: 33.3333%; height: 33.3333%; left: 50%; width: 50%;'><dircg0018c002 ></dircg0018c002></div><div id='concg0018c004' ng-controller ='concg0018c004' ng-keydown='KEY_DOWN($event)' ng-keyup='KEY_UP($event)' tabindex='0' class='Profile-container' style='top: 66.6666%; height: 33.3333%; left: 0%; width: 50%;'><dircg0018c004 ></dircg0018c004></div><div id='concg0018c005' ng-controller ='concg0018c005' ng-keydown='KEY_DOWN($event)' ng-keyup='KEY_UP($event)' tabindex='0' class='Profile-container' style='top: 66.6666%; height: 33.3333%; left: 50%; width: 50%;'><dircg0018c005 ></dircg0018c005></div><div id='concg0018c001' ng-controller ='concg0018c001' ng-keydown='KEY_DOWN($event)' ng-keyup='KEY_UP($event)' tabindex='0' class='Profile-container' style='display:none;'><dircg0018c001 ></dircg0018c001></div><div ng-controller ='dpsinit' style='display:None'></div><div  ng-controller ='dpsraise' style='display:None'></div><div ng-controller ='dsinfo' style='display:None'></div><div ng-controller ='actions' style='display:None'></div></div>","PROFILE_UICGCS" : [{ "UICGC_CODE" : "UICGC_6","LEFT" : "0%", "TOP" : "0%", "HEIGHT" : "33.3333%", "WIDTH" : "100%", "CONTROLLER_ID" : "concg0018c006" },{ "UICGC_CODE" : "UICGC_3","LEFT" : "0%", "TOP" : "33.3333%", "HEIGHT" : "33.3333%", "WIDTH" : "50%", "CONTROLLER_ID" : "concg0018c003" },{ "UICGC_CODE" : "UICGC_2","LEFT" : "50%", "TOP" : "33.3333%", "HEIGHT" : "33.3333%", "WIDTH" : "50%", "CONTROLLER_ID" : "concg0018c002" },{ "UICGC_CODE" : "UICGC_4","LEFT" : "0%", "TOP" : "66.6666%", "HEIGHT" : "33.3333%", "WIDTH" : "50%", "CONTROLLER_ID" : "concg0018c004" },{ "UICGC_CODE" : "UICGC_5","LEFT" : "50%", "TOP" : "66.6666%", "HEIGHT" : "33.3333%", "WIDTH" : "50%", "CONTROLLER_ID" : "concg0018c005" }] },{"PROFILE_CODE":"UICGTP_view_doc","PROFILE_DESC":"View Document","PROFILE_TYPE":"MAIN","PROFILE_CONTENT":"<div class='Profile' style='position: relative;height:100%;width:100%'><div id='concg0018c001' ng-controller ='concg0018c001' ng-keydown='KEY_DOWN($event)' ng-keyup='KEY_UP($event)' tabindex='0' class='Profile-container' style='top: 0%; height: 100%; left: 0%; width: 100%;'><dircg0018c001 ></dircg0018c001></div><div id='concg0018c002' ng-controller ='concg0018c002' ng-keydown='KEY_DOWN($event)' ng-keyup='KEY_UP($event)' tabindex='0' class='Profile-container' style='display:none;'><dircg0018c002 ></dircg0018c002></div><div id='concg0018c003' ng-controller ='concg0018c003' ng-keydown='KEY_DOWN($event)' ng-keyup='KEY_UP($event)' tabindex='0' class='Profile-container' style='display:none;'><dircg0018c003 ></dircg0018c003></div><div id='concg0018c004' ng-controller ='concg0018c004' ng-keydown='KEY_DOWN($event)' ng-keyup='KEY_UP($event)' tabindex='0' class='Profile-container' style='display:none;'><dircg0018c004 ></dircg0018c004></div><div id='concg0018c005' ng-controller ='concg0018c005' ng-keydown='KEY_DOWN($event)' ng-keyup='KEY_UP($event)' tabindex='0' class='Profile-container' style='display:none;'><dircg0018c005 ></dircg0018c005></div><div id='concg0018c006' ng-controller ='concg0018c006' ng-keydown='KEY_DOWN($event)' ng-keyup='KEY_UP($event)' tabindex='0' class='Profile-container' style='display:none;'><dircg0018c006 context-menu='menu'></dircg0018c006></div><div ng-controller ='dpsinit' style='display:None'></div><div  ng-controller ='dpsraise' style='display:None'></div><div ng-controller ='dsinfo' style='display:None'></div><div ng-controller ='actions' style='display:None'></div></div>","PROFILE_UICGCS" : [{ "UICGC_CODE" : "UICGC_1","LEFT" : "0%", "TOP" : "0%", "HEIGHT" : "100%", "WIDTH" : "100%", "CONTROLLER_ID" : "concg0018c001" }] }]}