{"PROFILES": [{"PROFILE_CODE":"UICGTP_RIL_MAKER_PROFILE","PROFILE_DESC":"RIL Maker","PROFILE_TYPE":"MAIN","PROFILE_CONTENT":"<div class='Profile' style='position: relative;height:100%;width:100%'><div ng-controller ='concg0001c002' class='Profile-container' style='top: 0%; height: 100%; left: 0%; width: 50%;'><dircg0001c002 context-menu='menu'></dircg0001c002></div><div ng-controller ='concg0001c001' class='Profile-container' style='top: 0%; height: 100%; left: 50%; width: 50%;'><dircg0001c001 ></dircg0001c001></div><div ng-controller ='concg0001c003' class='Profile-container' style='display:none;'><dircg0001c003 ></dircg0001c003></div><div ng-controller ='concg0001c004' class='Profile-container' style='display:none;'><dircg0001c004 ></dircg0001c004></div><div ng-controller ='concg0001c005' class='Profile-container' style='display:none;'><dircg0001c005 ></dircg0001c005></div><div ng-controller ='concg0001c006' class='Profile-container' style='display:none;'><dircg0001c006 ></dircg0001c006></div><div ng-controller ='concg0001c007' class='Profile-container' style='display:none;'></div><div ng-controller ='concg0001c008' class='Profile-container' style='display:none;'></div><div ng-controller ='concg0001c009' class='Profile-container' style='display:none;'><dircg0001c009 ></dircg0001c009></div><div ng-controller ='dpsinit' style='display:None'></div><div  ng-controller ='dpsraise' style='display:None'></div><div ng-controller ='dsinfo' style='display:None'></div><div ng-controller ='actions' style='display:None'></div></div>","PROFILE_UICGCS" : ["UICGC_2","UICGC_1"] },{"PROFILE_CODE":"UICGTP_RIL_MKR_CF","PROFILE_DESC":"Folder Profile","PROFILE_TYPE":"CHILD","PROFILE_CONTENT":"<div class='Profile' style='position: relative;height:100%;width:100%'><div ng-controller ='concg0001c005' class='Profile-container' style='top: 0%; height: 100%; left: 0%; width: 100%;'><dircg0001c005 ></dircg0001c005></div></div>","PROFILE_UICGCS" : ["UICGC_5"] },{"PROFILE_CODE":"UICGTP_RIL_MKR_CRET_COMP","PROFILE_DESC":"Company Profile","PROFILE_TYPE":"CHILD","PROFILE_CONTENT":"<div class='Profile' style='position: relative;height:100%;width:100%'><div ng-controller ='concg0001c004' class='Profile-container' style='top: 0%; height: 100%; left: 0%; width: 100%;'><dircg0001c004 ></dircg0001c004></div></div>","PROFILE_UICGCS" : ["UICGC_4"] },{"PROFILE_CODE":"UICGTP_DMS_EDT_SRCH","PROFILE_DESC":"Default Attachment Search","PROFILE_TYPE":"CHILD","PROFILE_CONTENT":"<div class='Profile' style='position: relative;height:100%;width:100%'><div ng-controller ='concg0001c007' class='Profile-container' style='top: 0%; height: 20%; left: 0%; width: 100%;'><dircg0001c007 ></dircg0001c007></div><div ng-controller ='concg0001c006' class='Profile-container' style='top: 20%; height: 80%; left: 0%; width: 100%;'><dircg0001c006 ></dircg0001c006></div></div>","PROFILE_UICGCS" : ["UICGC_7","UICGC_6"] },{"PROFILE_CODE":"RIL_SCAN","PROFILE_DESC":"Scan","PROFILE_TYPE":"CHILD","PROFILE_CONTENT":"<div class='Profile' style='position: relative;height:100%;width:100%'><div ng-controller ='concg0001c008' class='Profile-container' style='top: 0%; height: 80%; left: 0%; width: 100%;'><dircg0001c008 ></dircg0001c008></div><div ng-controller ='concg0001c009' class='Profile-container' style='top: 80%; height: 20%; left: 0%; width: 100%;'><dircg0001c009 ></dircg0001c009></div></div>","PROFILE_UICGCS" : ["UICGC_8","UICGC_9"] }]}