{"PROFILES": [{"PROFILE_CODE":"UICGTP_RIL_ANS_APP_aPROFILE","PROFILE_DESC":"Main Profile","PROFILE_TYPE":"MAIN","PROFILE_CONTENT":"<div class='Profile' style='position: relative;height:100%;width:100%'><div id='concg0010c004' ng-controller ='concg0010c004' ng-keydown='KEY_DOWN($event)' ng-keyup='KEY_UP($event)' tabindex='0' class='Profile-container' style='top: 0%; height: 33.3333%; left: 0%; width: 50%;'><dircg0010c004 context-menu='menu'></dircg0010c004></div><div id='concg0010c001' ng-controller ='concg0010c001' ng-keydown='KEY_DOWN($event)' ng-keyup='KEY_UP($event)' tabindex='0' class='Profile-container' style='top: 0%; height: 99.9999%; left: 50%; width: 50%;'><dircg0010c001 ></dircg0010c001></div><div id='concg0010c005' ng-controller ='concg0010c005' ng-keydown='KEY_DOWN($event)' ng-keyup='KEY_UP($event)' tabindex='0' class='Profile-container' style='top: 33.3333%; height: 33.3333%; left: 0%; width: 50%;'><dircg0010c005 context-menu='menu'></dircg0010c005></div><div id='concg0010c002' ng-controller ='concg0010c002' ng-keydown='KEY_DOWN($event)' ng-keyup='KEY_UP($event)' tabindex='0' class='Profile-container' style='top: 66.6666%; height: 33.3333%; left: 0%; width: 25%;'><dircg0010c002 ></dircg0010c002></div><div id='concg0010c003' ng-controller ='concg0010c003' ng-keydown='KEY_DOWN($event)' ng-keyup='KEY_UP($event)' tabindex='0' class='Profile-container' style='top: 66.6666%; height: 33.3333%; left: 25%; width: 25%;'><dircg0010c003 ></dircg0010c003></div><div ng-controller ='dpsinit' style='display:None'></div><div  ng-controller ='dpsraise' style='display:None'></div><div ng-controller ='dsinfo' style='display:None'></div><div ng-controller ='actions' style='display:None'></div></div>","PROFILE_UICGCS" : [{ "UICGC_CODE" : "UICGC_4","LEFT" : "0%", "TOP" : "0%", "HEIGHT" : "33.3333%", "WIDTH" : "50%", "CONTROLLER_ID" : "concg0010c004" },{ "UICGC_CODE" : "UICGC_1","LEFT" : "50%", "TOP" : "0%", "HEIGHT" : "99.9999%", "WIDTH" : "50%", "CONTROLLER_ID" : "concg0010c001" },{ "UICGC_CODE" : "UICGC_5","LEFT" : "0%", "TOP" : "33.3333%", "HEIGHT" : "33.3333%", "WIDTH" : "50%", "CONTROLLER_ID" : "concg0010c005" },{ "UICGC_CODE" : "UICGC_2","LEFT" : "0%", "TOP" : "66.6666%", "HEIGHT" : "33.3333%", "WIDTH" : "25%", "CONTROLLER_ID" : "concg0010c002" },{ "UICGC_CODE" : "UICGC_3","LEFT" : "25%", "TOP" : "66.6666%", "HEIGHT" : "33.3333%", "WIDTH" : "25%", "CONTROLLER_ID" : "concg0010c003" }] }]}