{"PROFILES": [{"PROFILE_CODE":"UICGTP_CHKR_VIEW_ALL","PROFILE_DESC":"View All","PROFILE_TYPE":"MAIN","PROFILE_CONTENT":"<div class='Profile' style='position: relative;height:100%;width:100%'><div id='concg0013c003' ng-controller ='concg0013c003' ng-keydown='KEY_DOWN($event)' ng-keyup='KEY_UP($event)' tabindex='0' class='Profile-container' style='top: 0%; height: 30%; left: 0%; width: 50%;'><dircg0013c003 ></dircg0013c003></div><div id='concg0013c005' ng-controller ='concg0013c005' ng-keydown='KEY_DOWN($event)' ng-keyup='KEY_UP($event)' tabindex='0' class='Profile-container' style='top: 0%; height: 50%; left: 50%; width: 50%;'><dircg0013c005 ></dircg0013c005></div><div id='concg0013c004' ng-controller ='concg0013c004' ng-keydown='KEY_DOWN($event)' ng-keyup='KEY_UP($event)' tabindex='0' class='Profile-container' style='top: 30%; height: 70%; left: 0%; width: 50%;'><dircg0013c004 context-menu='menu'></dircg0013c004></div><div id='concg0013c002' ng-controller ='concg0013c002' ng-keydown='KEY_DOWN($event)' ng-keyup='KEY_UP($event)' tabindex='0' class='Profile-container' style='top: 50%; height: 50%; left: 50%; width: 50%;'><dircg0013c002 ></dircg0013c002></div><div id='concg0013c001' ng-controller ='concg0013c001' ng-keydown='KEY_DOWN($event)' ng-keyup='KEY_UP($event)' tabindex='0' class='Profile-container' style='display:none;'><dircg0013c001 ></dircg0013c001></div><div ng-controller ='dpsinit' style='display:None'></div><div  ng-controller ='dpsraise' style='display:None'></div><div ng-controller ='dsinfo' style='display:None'></div><div ng-controller ='actions' style='display:None'></div></div>","PROFILE_UICGCS" : [{ "UICGC_CODE" : "UICGC_3","LEFT" : "0%", "TOP" : "0%", "HEIGHT" : "30%", "WIDTH" : "50%", "CONTROLLER_ID" : "concg0013c003" },{ "UICGC_CODE" : "UICGC_5","LEFT" : "50%", "TOP" : "0%", "HEIGHT" : "50%", "WIDTH" : "50%", "CONTROLLER_ID" : "concg0013c005" },{ "UICGC_CODE" : "UICGC_4","LEFT" : "0%", "TOP" : "30%", "HEIGHT" : "70%", "WIDTH" : "50%", "CONTROLLER_ID" : "concg0013c004" },{ "UICGC_CODE" : "UICGC_2","LEFT" : "50%", "TOP" : "50%", "HEIGHT" : "50%", "WIDTH" : "50%", "CONTROLLER_ID" : "concg0013c002" }] }]}