{"PROFILES": [{"PROFILE_CODE":"PR_FEB_AQm","PROFILE_DESC":"profile 1","PROFILE_TYPE":"MAIN","PROFILE_CONTENT":"<div class='Profile' style='position: relative;height:100%;width:100%'><div id='concg0142c002' ng-controller ='concg0142c002' ng-keydown='KEY_DOWN($event)' ng-keyup='KEY_UP($event)' tabindex='0' class='Profile-container' style='top: 0%; height: 100%; left: 0%; width: 50%;'><dircg0142c002 context-menu='menu'></dircg0142c002></div><div id='concg0142c001' ng-controller ='concg0142c001' ng-keydown='KEY_DOWN($event)' ng-keyup='KEY_UP($event)' tabindex='0' class='Profile-container' style='top: 50%; height: 50%; left: 0%; width: 100%;'><dircg0142c001 ></dircg0142c001></div><div ng-controller ='dpsinit' style='display:None'></div><div  ng-controller ='dpsraise' style='display:None'></div><div ng-controller ='dsinfo' style='display:None'></div><div ng-controller ='actions' style='display:None'></div></div>","PROFILE_UICGCS" : [{ "UICGC_CODE" : "UICGC_2","LEFT" : "0%", "TOP" : "0%", "HEIGHT" : "100%", "WIDTH" : "50%", "CONTROLLER_ID" : "concg0142c002" },{ "UICGC_CODE" : "UICGC_1","LEFT" : "0%", "TOP" : "50%", "HEIGHT" : "50%", "WIDTH" : "100%", "CONTROLLER_ID" : "concg0142c001" }] }]}