{"PROFILES": [{"PROFILE_CODE":"PR_RIL_MKR_FOLDER_SRCH","PROFILE_DESC":"Folder Search","PROFILE_TYPE":"MAIN","PROFILE_CONTENT":"<div class='Profile' style='position: relative;height:100%;width:100%'><div id='concg0004c002' ng-controller ='concg0004c002' ng-keydown='KEY_DOWN($event)' ng-keyup='KEY_UP($event)' tabindex='0' class='Profile-container' style='top: 0%; height: 20%; left: 0%; width: 50%;'><dircg0004c002 ></dircg0004c002></div><div id='concg0004c004' ng-controller ='concg0004c004' ng-keydown='KEY_DOWN($event)' ng-keyup='KEY_UP($event)' tabindex='0' class='Profile-container' style='top: 20%; height: 10%; left: 0%; width: 50%;'><dircg0004c004 ></dircg0004c004></div><div id='concg0004c006' ng-controller ='concg0004c006' ng-keydown='KEY_DOWN($event)' ng-keyup='KEY_UP($event)' tabindex='0' class='Profile-container' style='top: 30%; height: 20%; left: 0%; width: 50%;'><dircg0004c006 ></dircg0004c006></div><div id='concg0004c005' ng-controller ='concg0004c005' ng-keydown='KEY_DOWN($event)' ng-keyup='KEY_UP($event)' tabindex='0' class='Profile-container' style='top: 50%; height: 30%; left: 0%; width: 50%;'><dircg0004c005 ></dircg0004c005></div><div id='concg0004c003' ng-controller ='concg0004c003' ng-keydown='KEY_DOWN($event)' ng-keyup='KEY_UP($event)' tabindex='0' class='Profile-container' style='top: 80%; height: 20%; left: 0%; width: 50%;'><dircg0004c003 ></dircg0004c003></div><div id='concg0004c001' ng-controller ='concg0004c001' ng-keydown='KEY_DOWN($event)' ng-keyup='KEY_UP($event)' tabindex='0' class='Profile-container' style='top: 0%; height: 100%; left: 50%; width: 50%;'><dircg0004c001 ></dircg0004c001></div><div id='concg0004c007' ng-controller ='concg0004c007' ng-keydown='KEY_DOWN($event)' ng-keyup='KEY_UP($event)' tabindex='0' class='Profile-container' style='display:none;'><dircg0004c007 ></dircg0004c007></div><div ng-controller ='dpsinit' style='display:None'></div><div  ng-controller ='dpsraise' style='display:None'></div><div ng-controller ='dsinfo' style='display:None'></div><div ng-controller ='actions' style='display:None'></div></div>","PROFILE_UICGCS" : [{ "UICGC_CODE" : "UICGC_2","LEFT" : "0%", "TOP" : "0%", "HEIGHT" : "20%", "WIDTH" : "50%", "CONTROLLER_ID" : "concg0004c002" },{ "UICGC_CODE" : "UICGC_4","LEFT" : "0%", "TOP" : "20%", "HEIGHT" : "10%", "WIDTH" : "50%", "CONTROLLER_ID" : "concg0004c004" },{ "UICGC_CODE" : "UICGC_6","LEFT" : "0%", "TOP" : "30%", "HEIGHT" : "20%", "WIDTH" : "50%", "CONTROLLER_ID" : "concg0004c006" },{ "UICGC_CODE" : "UICGC_5","LEFT" : "0%", "TOP" : "50%", "HEIGHT" : "30%", "WIDTH" : "50%", "CONTROLLER_ID" : "concg0004c005" },{ "UICGC_CODE" : "UICGC_3","LEFT" : "0%", "TOP" : "80%", "HEIGHT" : "20%", "WIDTH" : "50%", "CONTROLLER_ID" : "concg0004c003" },{ "UICGC_CODE" : "UICGC_1","LEFT" : "50%", "TOP" : "0%", "HEIGHT" : "100%", "WIDTH" : "50%", "CONTROLLER_ID" : "concg0004c001" }] }]}