{"PROFILES": [{"PROFILE_CODE":"PR_ACK_FAILED_LVW","PROFILE_DESC":"Ack Failed Lvw","PROFILE_TYPE":"MAIN","PROFILE_CONTENT":"<div class='Profile' style='position: relative;height:100%;width:100%'><div id='concg0111c004' ng-controller ='concg0111c004' ng-keydown='KEY_DOWN($event)' ng-keyup='KEY_UP($event)' tabindex='0' class='Profile-container' style='top: 0%; height: 50%; left: 0%; width: 100%;'><dircg0111c004 ></dircg0111c004></div><div id='concg0111c001' ng-controller ='concg0111c001' ng-keydown='KEY_DOWN($event)' ng-keyup='KEY_UP($event)' tabindex='0' class='Profile-container' style='top: 50%; height: 50%; left: 0%; width: 100%;'><dircg0111c001 ></dircg0111c001></div><div id='concg0111c002' ng-controller ='concg0111c002' ng-keydown='KEY_DOWN($event)' ng-keyup='KEY_UP($event)' tabindex='0' class='Profile-container' style='display:none;'><dircg0111c002 ></dircg0111c002></div><div id='concg0111c003' ng-controller ='concg0111c003' ng-keydown='KEY_DOWN($event)' ng-keyup='KEY_UP($event)' tabindex='0' class='Profile-container' style='display:none;'><dircg0111c003 ></dircg0111c003></div><div ng-controller ='dpsinit' style='display:None'></div><div  ng-controller ='dpsraise' style='display:None'></div><div ng-controller ='dsinfo' style='display:None'></div><div ng-controller ='actions' style='display:None'></div></div>","PROFILE_UICGCS" : [{ "UICGC_CODE" : "UICGC_4","LEFT" : "0%", "TOP" : "0%", "HEIGHT" : "50%", "WIDTH" : "100%", "CONTROLLER_ID" : "concg0111c004" },{ "UICGC_CODE" : "UICGC_1","LEFT" : "0%", "TOP" : "50%", "HEIGHT" : "50%", "WIDTH" : "100%", "CONTROLLER_ID" : "concg0111c001" }] },{"PROFILE_CODE":"PR_ACK_FAILED_SRCH","PROFILE_DESC":"profile 1","PROFILE_TYPE":"CHILD","PROFILE_CONTENT":"<div class='Profile' style='position: relative;height:100%;width:100%'><div id='concg0111c002' ng-controller ='concg0111c002' ng-keydown='KEY_DOWN($event)' ng-keyup='KEY_UP($event)' tabindex='0' class='Profile-container' style='top: 0%; height: 50%; left: 0%; width: 100%;'><dircg0111c002 ></dircg0111c002></div><div id='concg0111c003' ng-controller ='concg0111c003' ng-keydown='KEY_DOWN($event)' ng-keyup='KEY_UP($event)' tabindex='0' class='Profile-container' style='top: 50%; height: 50%; left: 0%; width: 100%;'><dircg0111c003 ></dircg0111c003></div></div>","PROFILE_UICGCS" : [{ "UICGC_CODE" : "UICGC_2","LEFT" : "0%", "TOP" : "0%", "HEIGHT" : "50%", "WIDTH" : "100%", "CONTROLLER_ID" : "concg0111c002" },{ "UICGC_CODE" : "UICGC_3","LEFT" : "0%", "TOP" : "50%", "HEIGHT" : "50%", "WIDTH" : "100%", "CONTROLLER_ID" : "concg0111c003" }] }]}