{"PROFILES": [{"PROFILE_CODE":"UICGTP_RIL_MAKER_PROFILE","PROFILE_DESC":"RIL Maker","PROFILE_TYPE":"MAIN","PROFILE_CONTENT":"<div class='Profile' style='position: relative;height:100%;width:100%'><div id='concg0001c002' ng-controller ='concg0001c002' ng-keydown='KEY_DOWN($event)' ng-keyup='KEY_UP($event)' tabindex='0' class='Profile-container' style='top: 0%; height: 100%; left: 0%; width: 50%;'><dircg0001c002 context-menu='menu'></dircg0001c002></div><div id='concg0001c001' ng-controller ='concg0001c001' ng-keydown='KEY_DOWN($event)' ng-keyup='KEY_UP($event)' tabindex='0' class='Profile-container' style='top: 0%; height: 100%; left: 50%; width: 50%;'><dircg0001c001 ></dircg0001c001></div><div id='concg0001c003' ng-controller ='concg0001c003' ng-keydown='KEY_DOWN($event)' ng-keyup='KEY_UP($event)' tabindex='0' class='Profile-container' style='display:none;'><dircg0001c003 ></dircg0001c003></div><div id='concg0001c004' ng-controller ='concg0001c004' ng-keydown='KEY_DOWN($event)' ng-keyup='KEY_UP($event)' tabindex='0' class='Profile-container' style='display:none;'><dircg0001c004 ></dircg0001c004></div><div id='concg0001c005' ng-controller ='concg0001c005' ng-keydown='KEY_DOWN($event)' ng-keyup='KEY_UP($event)' tabindex='0' class='Profile-container' style='display:none;'><dircg0001c005 ></dircg0001c005></div><div id='concg0001c006' ng-controller ='concg0001c006' ng-keydown='KEY_DOWN($event)' ng-keyup='KEY_UP($event)' tabindex='0' class='Profile-container' style='display:none;'><dircg0001c006 ></dircg0001c006></div><div id='concg0001c007' ng-controller ='concg0001c007' ng-keydown='KEY_DOWN($event)' ng-keyup='KEY_UP($event)' tabindex='0' class='Profile-container' style='display:none;'><dircg0001c007 ></dircg0001c007></div><div id='concg0001c008' ng-controller ='concg0001c008' ng-keydown='KEY_DOWN($event)' ng-keyup='KEY_UP($event)' tabindex='0' class='Profile-container' style='display:none;'><dircg0001c008 ></dircg0001c008></div><div id='concg0001c009' ng-controller ='concg0001c009' ng-keydown='KEY_DOWN($event)' ng-keyup='KEY_UP($event)' tabindex='0' class='Profile-container' style='display:none;'><dircg0001c009 ></dircg0001c009></div><div ng-controller ='dpsinit' style='display:None'></div><div  ng-controller ='dpsraise' style='display:None'></div><div ng-controller ='dsinfo' style='display:None'></div><div ng-controller ='actions' style='display:None'></div></div>","PROFILE_UICGCS" : [{ "UICGC_CODE" : "UICGC_2","LEFT" : "0%", "TOP" : "0%", "HEIGHT" : "100%", "WIDTH" : "50%", "CONTROLLER_ID" : "concg0001c002" },{ "UICGC_CODE" : "UICGC_1","LEFT" : "50%", "TOP" : "0%", "HEIGHT" : "100%", "WIDTH" : "50%", "CONTROLLER_ID" : "concg0001c001" }] },{"PROFILE_CODE":"UICGTP_RIL_MKR_CF","PROFILE_DESC":"Folder Profile","PROFILE_TYPE":"CHILD","PROFILE_CONTENT":"<div class='Profile' style='position: relative;height:100%;width:100%'><div id='concg0001c005' ng-controller ='concg0001c005' ng-keydown='KEY_DOWN($event)' ng-keyup='KEY_UP($event)' tabindex='0' class='Profile-container' style='top: 0%; height: 100%; left: 0%; width: 100%;'><dircg0001c005 ></dircg0001c005></div></div>","PROFILE_UICGCS" : [{ "UICGC_CODE" : "UICGC_5","LEFT" : "0%", "TOP" : "0%", "HEIGHT" : "100%", "WIDTH" : "100%", "CONTROLLER_ID" : "concg0001c005" }] },{"PROFILE_CODE":"UICGTP_RIL_MKR_CRET_COMP","PROFILE_DESC":"Company Profile","PROFILE_TYPE":"CHILD","PROFILE_CONTENT":"<div class='Profile' style='position: relative;height:100%;width:100%'><div id='concg0001c004' ng-controller ='concg0001c004' ng-keydown='KEY_DOWN($event)' ng-keyup='KEY_UP($event)' tabindex='0' class='Profile-container' style='top: 0%; height: 100%; left: 0%; width: 100%;'><dircg0001c004 ></dircg0001c004></div></div>","PROFILE_UICGCS" : [{ "UICGC_CODE" : "UICGC_4","LEFT" : "0%", "TOP" : "0%", "HEIGHT" : "100%", "WIDTH" : "100%", "CONTROLLER_ID" : "concg0001c004" }] },{"PROFILE_CODE":"UICGTP_DMS_EDT_SRCH","PROFILE_DESC":"Default Attachment Search","PROFILE_TYPE":"CHILD","PROFILE_CONTENT":"<div class='Profile' style='position: relative;height:100%;width:100%'><div id='concg0001c007' ng-controller ='concg0001c007' ng-keydown='KEY_DOWN($event)' ng-keyup='KEY_UP($event)' tabindex='0' class='Profile-container' style='top: 0%; height: 20%; left: 0%; width: 100%;'><dircg0001c007 ></dircg0001c007></div><div id='concg0001c006' ng-controller ='concg0001c006' ng-keydown='KEY_DOWN($event)' ng-keyup='KEY_UP($event)' tabindex='0' class='Profile-container' style='top: 20%; height: 80%; left: 0%; width: 100%;'><dircg0001c006 ></dircg0001c006></div></div>","PROFILE_UICGCS" : [{ "UICGC_CODE" : "UICGC_7","LEFT" : "0%", "TOP" : "0%", "HEIGHT" : "20%", "WIDTH" : "100%", "CONTROLLER_ID" : "concg0001c007" },{ "UICGC_CODE" : "UICGC_6","LEFT" : "0%", "TOP" : "20%", "HEIGHT" : "80%", "WIDTH" : "100%", "CONTROLLER_ID" : "concg0001c006" }] },{"PROFILE_CODE":"RIL_SCAN","PROFILE_DESC":"Scan","PROFILE_TYPE":"CHILD","PROFILE_CONTENT":"<div class='Profile' style='position: relative;height:100%;width:100%'><div id='concg0001c008' ng-controller ='concg0001c008' ng-keydown='KEY_DOWN($event)' ng-keyup='KEY_UP($event)' tabindex='0' class='Profile-container' style='top: 0%; height: 80%; left: 0%; width: 100%;'><dircg0001c008 ></dircg0001c008></div><div id='concg0001c009' ng-controller ='concg0001c009' ng-keydown='KEY_DOWN($event)' ng-keyup='KEY_UP($event)' tabindex='0' class='Profile-container' style='top: 80%; height: 20%; left: 0%; width: 100%;'><dircg0001c009 ></dircg0001c009></div></div>","PROFILE_UICGCS" : [{ "UICGC_CODE" : "UICGC_8","LEFT" : "0%", "TOP" : "0%", "HEIGHT" : "80%", "WIDTH" : "100%", "CONTROLLER_ID" : "concg0001c008" },{ "UICGC_CODE" : "UICGC_9","LEFT" : "0%", "TOP" : "80%", "HEIGHT" : "20%", "WIDTH" : "100%", "CONTROLLER_ID" : "concg0001c009" }] }]}