{"PROFILES": [{"PROFILE_CODE":"RIL_MKR_GLOBAL_SRCH","PROFILE_DESC":"Global Search","PROFILE_TYPE":"MAIN","PROFILE_CONTENT":"<div class='Profile' style='position: relative;height:100%;width:100%'><div id='concg0002c002' ng-controller ='concg0002c002' ng-keydown='KEY_DOWN($event)' ng-keyup='KEY_UP($event)' tabindex='0' class='Profile-container' style='top: 0%; height: 60%; left: 0%; width: 50%;'><dircg0002c002 ></dircg0002c002></div><div id='concg0002c003' ng-controller ='concg0002c003' ng-keydown='KEY_DOWN($event)' ng-keyup='KEY_UP($event)' tabindex='0' class='Profile-container' style='top: 60%; height: 10%; left: 0%; width: 50%;'><dircg0002c003 ></dircg0002c003></div><div id='concg0002c004' ng-controller ='concg0002c004' ng-keydown='KEY_DOWN($event)' ng-keyup='KEY_UP($event)' tabindex='0' class='Profile-container' style='top: 70%; height: 30%; left: 0%; width: 50%;'><dircg0002c004 ></dircg0002c004></div><div id='concg0002c001' ng-controller ='concg0002c001' ng-keydown='KEY_DOWN($event)' ng-keyup='KEY_UP($event)' tabindex='0' class='Profile-container' style='top: 0%; height: 100%; left: 50%; width: 50%;'><dircg0002c001 ></dircg0002c001></div><div ng-controller ='dpsinit' style='display:None'></div><div  ng-controller ='dpsraise' style='display:None'></div><div ng-controller ='dsinfo' style='display:None'></div><div ng-controller ='actions' style='display:None'></div></div>","PROFILE_UICGCS" : [{ "UICGC_CODE" : "UICGC_2","LEFT" : "0%", "TOP" : "0%", "HEIGHT" : "60%", "WIDTH" : "50%", "CONTROLLER_ID" : "concg0002c002" },{ "UICGC_CODE" : "UICGC_3","LEFT" : "0%", "TOP" : "60%", "HEIGHT" : "10%", "WIDTH" : "50%", "CONTROLLER_ID" : "concg0002c003" },{ "UICGC_CODE" : "UICGC_4","LEFT" : "0%", "TOP" : "70%", "HEIGHT" : "30%", "WIDTH" : "50%", "CONTROLLER_ID" : "concg0002c004" },{ "UICGC_CODE" : "UICGC_1","LEFT" : "50%", "TOP" : "0%", "HEIGHT" : "100%", "WIDTH" : "50%", "CONTROLLER_ID" : "concg0002c001" }] }]}