{"PROFILES": [{"PROFILE_CODE":"UICGTP_RIL_READER","PROFILE_DESC":"Ril Reader","PROFILE_TYPE":"MAIN","PROFILE_CONTENT":"<div class='Profile' style='position: relative;height:100%;width:100%'><div ng-controller ='concg0011c006' class='Profile-container' style='top: 0%; height: 100%; left: 0%; width: 50%;'><dircg0011c006 context-menu='menu'></dircg0011c006></div><div ng-controller ='concg0011c001' class='Profile-container' style='top: 0%; height: 100%; left: 50%; width: 50%;'><dircg0011c001 ></dircg0011c001></div><div ng-controller ='concg0011c002' class='Profile-container' style='display:none;'></div><div ng-controller ='concg0011c003' class='Profile-container' style='display:none;'></div><div ng-controller ='concg0011c004' class='Profile-container' style='display:none;'></div><div ng-controller ='concg0011c007' class='Profile-container' style='display:none;'><dircg0011c007 ></dircg0011c007></div><div ng-controller ='concg0011c008' class='Profile-container' style='display:none;'><dircg0011c008 ></dircg0011c008></div><div ng-controller ='concg0011c009' class='Profile-container' style='display:none;'><dircg0011c009 ></dircg0011c009></div><div ng-controller ='concg0011c010' class='Profile-container' style='display:none;'><dircg0011c010 ></dircg0011c010></div><div ng-controller ='dpsinit' style='display:None'></div><div  ng-controller ='dpsraise' style='display:None'></div><div ng-controller ='dsinfo' style='display:None'></div><div ng-controller ='actions' style='display:None'></div></div>","PROFILE_UICGCS" : ["UICGC_6","UICGC_1"] },{"PROFILE_CODE":"UICGTP_RIL_RDR_SEARCH","PROFILE_DESC":"RIL Reader Search","PROFILE_TYPE":"CHILD","PROFILE_CONTENT":"<div class='Profile' style='position: relative;height:100%;width:100%'><div ng-controller ='concg0011c007' class='Profile-container' style='top: 0%; height: 100%; left: 0%; width: 100%;'><dircg0011c007 ></dircg0011c007></div></div>","PROFILE_UICGCS" : ["UICGC_7"] },{"PROFILE_CODE":"UICGTP_RIL_RDR_QA_PROFILE","PROFILE_DESC":"View QA Profile","PROFILE_TYPE":"CHILD","PROFILE_CONTENT":"<div class='Profile' style='position: relative;height:100%;width:100%'><div ng-controller ='concg0011c002' class='Profile-container' style='top: 0%; height: 40%; left: 0%; width: 66.6666%;'><dircg0011c002 ></dircg0011c002></div><div ng-controller ='concg0011c004' class='Profile-container' style='top: 40%; height: 20%; left: 0%; width: 66.6666%;'><dircg0011c004 ></dircg0011c004></div><div ng-controller ='concg0011c003' class='Profile-container' style='top: 60%; height: 40%; left: 0%; width: 66.6666%;'><dircg0011c003 ></dircg0011c003></div><div ng-controller ='concg0011c008' class='Profile-container' style='top: 0%; height: 60%; left: 66.6666%; width: 33.3333%;'><dircg0011c008 ></dircg0011c008></div><div ng-controller ='concg0011c010' class='Profile-container' style='top: 60%; height: 40%; left: 66.6666%; width: 33.3333%;'><dircg0011c010 ></dircg0011c010></div></div>","PROFILE_UICGCS" : ["UICGC_2","UICGC_4","UICGC_3","UICGC_8","UICGC_10"] },{"PROFILE_CODE":"UICGTP_RIL_RDR_Q_PROFILE","PROFILE_DESC":"Question Profile","PROFILE_TYPE":"CHILD","PROFILE_CONTENT":"<div class='Profile' style='position: relative;height:100%;width:100%'><div ng-controller ='concg0011c009' class='Profile-container' style='top: 0%; height: 100%; left: 0%; width: 100%;'><dircg0011c009 ></dircg0011c009></div></div>","PROFILE_UICGCS" : ["UICGC_9"] }]}