{"PROFILES": [{"PROFILE_CODE":"RIL_MKR_GLOBAL_SRCH","PROFILE_DESC":"Global Search","PROFILE_TYPE":"MAIN","PROFILE_CONTENT":"<div class='Profile' style='position: relative;height:100%;width:100%'><div ng-controller ='concg0002c002' class='Profile-container' style='top: 0%; height: 60%; left: 0%; width: 50%;'><dircg0002c002 ></dircg0002c002></div><div ng-controller ='concg0002c003' class='Profile-container' style='top: 60%; height: 10%; left: 0%; width: 50%;'><dircg0002c003 ></dircg0002c003></div><div ng-controller ='concg0002c004' class='Profile-container' style='top: 70%; height: 30%; left: 0%; width: 50%;'><dircg0002c004 ></dircg0002c004></div><div ng-controller ='concg0002c001' class='Profile-container' style='top: 0%; height: 100%; left: 50%; width: 50%;'><dircg0002c001 ></dircg0002c001></div><div ng-controller ='dpsinit' style='display:None'></div><div  ng-controller ='dpsraise' style='display:None'></div><div ng-controller ='dsinfo' style='display:None'></div><div ng-controller ='actions' style='display:None'></div></div>","PROFILE_UICGCS" : ["UICGC_2","UICGC_3","UICGC_4","UICGC_1"] }]}