{"PROFILES": [{"PROFILE_CODE":"UICGTP_RIL_READER","PROFILE_DESC":"Ril Reader","PROFILE_TYPE":"MAIN","PROFILE_CONTENT":"<div class='Profile' style='position: relative;height:100%;width:100%'><div id='concg0011c006' ng-controller ='concg0011c006' ng-keydown='KEY_DOWN($event)' ng-keyup='KEY_UP($event)' tabindex='0' class='Profile-container' style='top: 0%; height: 100%; left: 0%; width: 50%;'><dircg0011c006 context-menu='menu'></dircg0011c006></div><div id='concg0011c001' ng-controller ='concg0011c001' ng-keydown='KEY_DOWN($event)' ng-keyup='KEY_UP($event)' tabindex='0' class='Profile-container' style='top: 0%; height: 100%; left: 50%; width: 50%;'><dircg0011c001 ></dircg0011c001></div><div id='concg0011c002' ng-controller ='concg0011c002' ng-keydown='KEY_DOWN($event)' ng-keyup='KEY_UP($event)' tabindex='0' class='Profile-container' style='display:none;'><dircg0011c002 ></dircg0011c002></div><div id='concg0011c003' ng-controller ='concg0011c003' ng-keydown='KEY_DOWN($event)' ng-keyup='KEY_UP($event)' tabindex='0' class='Profile-container' style='display:none;'><dircg0011c003 ></dircg0011c003></div><div id='concg0011c004' ng-controller ='concg0011c004' ng-keydown='KEY_DOWN($event)' ng-keyup='KEY_UP($event)' tabindex='0' class='Profile-container' style='display:none;'><dircg0011c004 ></dircg0011c004></div><div id='concg0011c007' ng-controller ='concg0011c007' ng-keydown='KEY_DOWN($event)' ng-keyup='KEY_UP($event)' tabindex='0' class='Profile-container' style='display:none;'><dircg0011c007 ></dircg0011c007></div><div id='concg0011c008' ng-controller ='concg0011c008' ng-keydown='KEY_DOWN($event)' ng-keyup='KEY_UP($event)' tabindex='0' class='Profile-container' style='display:none;'><dircg0011c008 ></dircg0011c008></div><div id='concg0011c009' ng-controller ='concg0011c009' ng-keydown='KEY_DOWN($event)' ng-keyup='KEY_UP($event)' tabindex='0' class='Profile-container' style='display:none;'><dircg0011c009 ></dircg0011c009></div><div id='concg0011c010' ng-controller ='concg0011c010' ng-keydown='KEY_DOWN($event)' ng-keyup='KEY_UP($event)' tabindex='0' class='Profile-container' style='display:none;'><dircg0011c010 ></dircg0011c010></div><div ng-controller ='dpsinit' style='display:None'></div><div  ng-controller ='dpsraise' style='display:None'></div><div ng-controller ='dsinfo' style='display:None'></div><div ng-controller ='actions' style='display:None'></div></div>","PROFILE_UICGCS" : [{ "UICGC_CODE" : "UICGC_6","LEFT" : "0%", "TOP" : "0%", "HEIGHT" : "100%", "WIDTH" : "50%", "CONTROLLER_ID" : "concg0011c006" },{ "UICGC_CODE" : "UICGC_1","LEFT" : "50%", "TOP" : "0%", "HEIGHT" : "100%", "WIDTH" : "50%", "CONTROLLER_ID" : "concg0011c001" }] },{"PROFILE_CODE":"UICGTP_RIL_RDR_SEARCH","PROFILE_DESC":"RIL Reader Search","PROFILE_TYPE":"CHILD","PROFILE_CONTENT":"<div class='Profile' style='position: relative;height:100%;width:100%'><div id='concg0011c007' ng-controller ='concg0011c007' ng-keydown='KEY_DOWN($event)' ng-keyup='KEY_UP($event)' tabindex='0' class='Profile-container' style='top: 0%; height: 100%; left: 0%; width: 100%;'><dircg0011c007 ></dircg0011c007></div></div>","PROFILE_UICGCS" : [{ "UICGC_CODE" : "UICGC_7","LEFT" : "0%", "TOP" : "0%", "HEIGHT" : "100%", "WIDTH" : "100%", "CONTROLLER_ID" : "concg0011c007" }] },{"PROFILE_CODE":"UICGTP_RIL_RDR_QA_PROFILE","PROFILE_DESC":"View QA Profile","PROFILE_TYPE":"CHILD","PROFILE_CONTENT":"<div class='Profile' style='position: relative;height:100%;width:100%'><div id='concg0011c002' ng-controller ='concg0011c002' ng-keydown='KEY_DOWN($event)' ng-keyup='KEY_UP($event)' tabindex='0' class='Profile-container' style='top: 0%; height: 40%; left: 0%; width: 66.6666%;'><dircg0011c002 ></dircg0011c002></div><div id='concg0011c004' ng-controller ='concg0011c004' ng-keydown='KEY_DOWN($event)' ng-keyup='KEY_UP($event)' tabindex='0' class='Profile-container' style='top: 40%; height: 20%; left: 0%; width: 66.6666%;'><dircg0011c004 ></dircg0011c004></div><div id='concg0011c003' ng-controller ='concg0011c003' ng-keydown='KEY_DOWN($event)' ng-keyup='KEY_UP($event)' tabindex='0' class='Profile-container' style='top: 60%; height: 40%; left: 0%; width: 66.6666%;'><dircg0011c003 ></dircg0011c003></div><div id='concg0011c008' ng-controller ='concg0011c008' ng-keydown='KEY_DOWN($event)' ng-keyup='KEY_UP($event)' tabindex='0' class='Profile-container' style='top: 0%; height: 60%; left: 66.6666%; width: 33.3333%;'><dircg0011c008 ></dircg0011c008></div><div id='concg0011c010' ng-controller ='concg0011c010' ng-keydown='KEY_DOWN($event)' ng-keyup='KEY_UP($event)' tabindex='0' class='Profile-container' style='top: 60%; height: 40%; left: 66.6666%; width: 33.3333%;'><dircg0011c010 ></dircg0011c010></div></div>","PROFILE_UICGCS" : [{ "UICGC_CODE" : "UICGC_2","LEFT" : "0%", "TOP" : "0%", "HEIGHT" : "40%", "WIDTH" : "66.6666%", "CONTROLLER_ID" : "concg0011c002" },{ "UICGC_CODE" : "UICGC_4","LEFT" : "0%", "TOP" : "40%", "HEIGHT" : "20%", "WIDTH" : "66.6666%", "CONTROLLER_ID" : "concg0011c004" },{ "UICGC_CODE" : "UICGC_3","LEFT" : "0%", "TOP" : "60%", "HEIGHT" : "40%", "WIDTH" : "66.6666%", "CONTROLLER_ID" : "concg0011c003" },{ "UICGC_CODE" : "UICGC_8","LEFT" : "66.6666%", "TOP" : "0%", "HEIGHT" : "60%", "WIDTH" : "33.3333%", "CONTROLLER_ID" : "concg0011c008" },{ "UICGC_CODE" : "UICGC_10","LEFT" : "66.6666%", "TOP" : "60%", "HEIGHT" : "40%", "WIDTH" : "33.3333%", "CONTROLLER_ID" : "concg0011c010" }] },{"PROFILE_CODE":"UICGTP_RIL_RDR_Q_PROFILE","PROFILE_DESC":"Question Profile","PROFILE_TYPE":"CHILD","PROFILE_CONTENT":"<div class='Profile' style='position: relative;height:100%;width:100%'><div id='concg0011c009' ng-controller ='concg0011c009' ng-keydown='KEY_DOWN($event)' ng-keyup='KEY_UP($event)' tabindex='0' class='Profile-container' style='top: 0%; height: 100%; left: 0%; width: 100%;'><dircg0011c009 ></dircg0011c009></div></div>","PROFILE_UICGCS" : [{ "UICGC_CODE" : "UICGC_9","LEFT" : "0%", "TOP" : "0%", "HEIGHT" : "100%", "WIDTH" : "100%", "CONTROLLER_ID" : "concg0011c009" }] }]}