{"PROFILES": [{"PROFILE_CODE":"UICGTP_RIL_CKR_AA","PROFILE_DESC":"All Approved","PROFILE_TYPE":"MAIN","PROFILE_CONTENT":"<div class='Profile' style='position: relative;height:100%;width:100%'><div ng-controller ='concg0019c002' class='Profile-container' style='top: 0%; height: 100%; left: 0%; width: 50%;'><dircg0019c002 context-menu='menu'></dircg0019c002></div><div ng-controller ='concg0019c004' class='Profile-container' style='top: 0%; height: 50%; left: 50%; width: 50%;'><dircg0019c004 ></dircg0019c004></div><div ng-controller ='concg0019c005' class='Profile-container' style='top: 50%; height: 50%; left: 50%; width: 50%;'><dircg0019c005 ></dircg0019c005></div><div ng-controller ='concg0019c001' class='Profile-container' style='display:none;'></div><div ng-controller ='concg0019c003' class='Profile-container' style='display:none;'><dircg0019c003 ></dircg0019c003></div><div ng-controller ='dpsinit' style='display:None'></div><div  ng-controller ='dpsraise' style='display:None'></div><div ng-controller ='dsinfo' style='display:None'></div><div ng-controller ='actions' style='display:None'></div></div>","PROFILE_UICGCS" : ["UICGC_2","UICGC_4","UICGC_5"] },{"PROFILE_CODE":"UICGTP_RIL_CKR_AA_SCH","PROFILE_DESC":"Search Profile","PROFILE_TYPE":"CHILD","PROFILE_CONTENT":"<div class='Profile' style='position: relative;height:100%;width:100%'><div ng-controller ='concg0019c003' class='Profile-container' style='top: 0%; height: 100%; left: 0%; width: 100%;'><dircg0019c003 ></dircg0019c003></div></div>","PROFILE_UICGCS" : ["UICGC_3"] }]}