{"PROFILES": [{"PROFILE_CODE":"UICGTP_RIL_QUERY_APP_PROFILE","PROFILE_DESC":"Query Profile","PROFILE_TYPE":"MAIN","PROFILE_CONTENT":"<div class='Profile' style='position: relative;height:100%;width:100%'><div id='concg0016c002' ng-controller ='concg0016c002' ng-keydown='KEY_DOWN($event)' ng-keyup='KEY_UP($event)' tabindex='0' class='Profile-container' style='top: 50%; height: 50%; left: 0%; width: 50%;'><dircg0016c002 ></dircg0016c002></div><div id='concg0016c003' ng-controller ='concg0016c003' ng-keydown='KEY_DOWN($event)' ng-keyup='KEY_UP($event)' tabindex='0' class='Profile-container' style='top: 0%; height: 50%; left: 0%; width: 50%;'><dircg0016c003 context-menu='menu'></dircg0016c003></div><div id='concg0016c001' ng-controller ='concg0016c001' ng-keydown='KEY_DOWN($event)' ng-keyup='KEY_UP($event)' tabindex='0' class='Profile-container' style='top: 0%; height: 100%; left: 50%; width: 50%;'><dircg0016c001 ></dircg0016c001></div><div ng-controller ='dpsinit' style='display:None'></div><div  ng-controller ='dpsraise' style='display:None'></div><div ng-controller ='dsinfo' style='display:None'></div><div ng-controller ='actions' style='display:None'></div></div>","PROFILE_UICGCS" : [{ "UICGC_CODE" : "UICGC_2","LEFT" : "0%", "TOP" : "50%", "HEIGHT" : "50%", "WIDTH" : "50%", "CONTROLLER_ID" : "concg0016c002" },{ "UICGC_CODE" : "UICGC_3","LEFT" : "0%", "TOP" : "0%", "HEIGHT" : "50%", "WIDTH" : "50%", "CONTROLLER_ID" : "concg0016c003" },{ "UICGC_CODE" : "UICGC_1","LEFT" : "50%", "TOP" : "0%", "HEIGHT" : "100%", "WIDTH" : "50%", "CONTROLLER_ID" : "concg0016c001" }] }]}