{"PROFILES": [{"PROFILE_CODE":"UICGTP_RIL_TS_PROFILE","PROFILE_DESC":"Tag Search","PROFILE_TYPE":"MAIN","PROFILE_CONTENT":"<div class='Profile' style='position: relative;height:100%;width:100%'><div ng-controller ='concg0040c004' class='Profile-container' style='top: 0%; height: 20%; left: 0%; width: 50%;'><dircg0040c004 ></dircg0040c004></div><div ng-controller ='concg0040c002' class='Profile-container' style='top: 20%; height: 30%; left: 0%; width: 50%;'><dircg0040c002 ></dircg0040c002></div><div ng-controller ='concg0040c003' class='Profile-container' style='top: 50%; height: 10%; left: 0%; width: 50%;'><dircg0040c003 ></dircg0040c003></div><div ng-controller ='concg0040c005' class='Profile-container' style='top: 60%; height: 40%; left: 0%; width: 50%;'><dircg0040c005 ></dircg0040c005></div><div ng-controller ='concg0040c001' class='Profile-container' style='top: 0%; height: 100%; left: 50%; width: 50%;'><dircg0040c001 ></dircg0040c001></div><div ng-controller ='dpsinit' style='display:None'></div><div  ng-controller ='dpsraise' style='display:None'></div><div ng-controller ='dsinfo' style='display:None'></div></div>","PROFILE_UICGCS" : ["UICGC_4","UICGC_2","UICGC_3","UICGC_5","UICGC_1"] }]}