{"PROFILES": [{"PROFILE_CODE":"UICGTP_RIL_Q_ANS_PROFILE","PROFILE_DESC":"Main Profile","PROFILE_TYPE":"MAIN","PROFILE_CONTENT":"<div class='Profile' style='position: relative;height:100%;width:100%'><div id='concg0012c008' ng-controller ='concg0012c008' ng-keydown='KEY_DOWN($event)' ng-keyup='KEY_UP($event)' tabindex='0' class='Profile-container' style='top: 0%; height: 50%; left: 0%; width: 50%;'><dircg0012c008 context-menu='menu'></dircg0012c008></div><div id='concg0012c005' ng-controller ='concg0012c005' ng-keydown='KEY_DOWN($event)' ng-keyup='KEY_UP($event)' tabindex='0' class='Profile-container' style='top: 50%; height: 50%; left: 0%; width: 50%;'><dircg0012c005 ></dircg0012c005></div><div id='concg0012c001' ng-controller ='concg0012c001' ng-keydown='KEY_DOWN($event)' ng-keyup='KEY_UP($event)' tabindex='0' class='Profile-container' style='top: 0%; height: 100%; left: 50%; width: 50%;'><dircg0012c001 ></dircg0012c001></div><div id='concg0012c002' ng-controller ='concg0012c002' ng-keydown='KEY_DOWN($event)' ng-keyup='KEY_UP($event)' tabindex='0' class='Profile-container' style='display:none;'><dircg0012c002 ></dircg0012c002></div><div id='concg0012c003' ng-controller ='concg0012c003' ng-keydown='KEY_DOWN($event)' ng-keyup='KEY_UP($event)' tabindex='0' class='Profile-container' style='display:none;'><dircg0012c003 ></dircg0012c003></div><div id='concg0012c006' ng-controller ='concg0012c006' ng-keydown='KEY_DOWN($event)' ng-keyup='KEY_UP($event)' tabindex='0' class='Profile-container' style='display:none;'><dircg0012c006 ></dircg0012c006></div><div id='concg0012c009' ng-controller ='concg0012c009' ng-keydown='KEY_DOWN($event)' ng-keyup='KEY_UP($event)' tabindex='0' class='Profile-container' style='display:none;'><dircg0012c009 ></dircg0012c009></div><div ng-controller ='dpsinit' style='display:None'></div><div  ng-controller ='dpsraise' style='display:None'></div><div ng-controller ='dsinfo' style='display:None'></div><div ng-controller ='actions' style='display:None'></div></div>","PROFILE_UICGCS" : [{ "UICGC_CODE" : "UICGC_8","LEFT" : "0%", "TOP" : "0%", "HEIGHT" : "50%", "WIDTH" : "50%", "CONTROLLER_ID" : "concg0012c008" },{ "UICGC_CODE" : "UICGC_5","LEFT" : "0%", "TOP" : "50%", "HEIGHT" : "50%", "WIDTH" : "50%", "CONTROLLER_ID" : "concg0012c005" },{ "UICGC_CODE" : "UICGC_1","LEFT" : "50%", "TOP" : "0%", "HEIGHT" : "100%", "WIDTH" : "50%", "CONTROLLER_ID" : "concg0012c001" }] },{"PROFILE_CODE":"UICGTP_RIL_Q_ANS_CR_PROFILE","PROFILE_DESC":"Create Answer Profile","PROFILE_TYPE":"CHILD","PROFILE_CONTENT":"<div class='Profile' style='position: relative;height:100%;width:100%'><div id='concg0012c009' ng-controller ='concg0012c009' ng-keydown='KEY_DOWN($event)' ng-keyup='KEY_UP($event)' tabindex='0' class='Profile-container' style='top: 0%; height: 100%; left: 0%; width: 100%;'><dircg0012c009 ></dircg0012c009></div></div>","PROFILE_UICGCS" : [{ "UICGC_CODE" : "UICGC_9","LEFT" : "0%", "TOP" : "0%", "HEIGHT" : "100%", "WIDTH" : "100%", "CONTROLLER_ID" : "concg0012c009" }] },{"PROFILE_CODE":"UICGTP_RIL_Q_ANS_V_PROFILE","PROFILE_DESC":"View Answer Profile","PROFILE_TYPE":"CHILD","PROFILE_CONTENT":"<div class='Profile' style='position: relative;height:100%;width:100%'><div id='concg0012c003' ng-controller ='concg0012c003' ng-keydown='KEY_DOWN($event)' ng-keyup='KEY_UP($event)' tabindex='0' class='Profile-container' style='top: 0%; height: 50%; left: 0%; width: 66.6666%;'><dircg0012c003 ></dircg0012c003></div><div id='concg0012c002' ng-controller ='concg0012c002' ng-keydown='KEY_DOWN($event)' ng-keyup='KEY_UP($event)' tabindex='0' class='Profile-container' style='top: 50%; height: 50%; left: 0%; width: 66.6666%;'><dircg0012c002 ></dircg0012c002></div><div id='concg0012c006' ng-controller ='concg0012c006' ng-keydown='KEY_DOWN($event)' ng-keyup='KEY_UP($event)' tabindex='0' class='Profile-container' style='top: 0%; height: 100%; left: 66.6666%; width: 33.3333%;'><dircg0012c006 ></dircg0012c006></div></div>","PROFILE_UICGCS" : [{ "UICGC_CODE" : "UICGC_3","LEFT" : "0%", "TOP" : "0%", "HEIGHT" : "50%", "WIDTH" : "66.6666%", "CONTROLLER_ID" : "concg0012c003" },{ "UICGC_CODE" : "UICGC_2","LEFT" : "0%", "TOP" : "50%", "HEIGHT" : "50%", "WIDTH" : "66.6666%", "CONTROLLER_ID" : "concg0012c002" },{ "UICGC_CODE" : "UICGC_6","LEFT" : "66.6666%", "TOP" : "0%", "HEIGHT" : "100%", "WIDTH" : "33.3333%", "CONTROLLER_ID" : "concg0012c006" }] }]}