{"PROFILES": [{"PROFILE_CODE":"ADVANCED_Ui","PROFILE_DESC":"Advanced UI","PROFILE_TYPE":"MAIN","PROFILE_CONTENT":"<div class='Profile' style='position: relative;height:100%;width:100%'><div ng-controller ='concg0128c001' class='Profile-container' style='top: 0%; height: 100%; left: 0%; width: 100%;'><dircg0128c001 ></dircg0128c001></div><div ng-controller ='dpsinit' style='display:None'></div><div  ng-controller ='dpsraise' style='display:None'></div><div ng-controller ='dsinfo' style='display:None'></div><div ng-controller ='actions' style='display:None'></div></div>","PROFILE_UICGCS" : ["UICGC_1"] }]}